-- ============================================================================
-- ElimuSight Sample Data Seed
-- Run: npx prisma db execute --file prisma/dml/seed.sql
-- Or:  psql $DATABASE_URL -f prisma/dml/seed.sql
-- ============================================================================

BEGIN;

-- ----------------------------------------------------------------------------
-- Wipe existing data (order respects foreign key constraints)
-- ----------------------------------------------------------------------------
TRUNCATE TABLE
  insights,
  assessments,
  class_subjects,
  students,
  subjects,
  classes,
  teachers,
  ai_logs,
  users,
  schools
CASCADE;

-- ----------------------------------------------------------------------------
-- SCHOOL
-- ----------------------------------------------------------------------------
INSERT INTO schools (id, name, email, phone, address, subscription_plan, is_active, created_at, updated_at)
VALUES (
  '11111111-1111-1111-1111-111111111111',
  'Elimu Heights Academy',
  'info@elimuheights.school',
  '+254 700 100 200',
  'Nairobi, Kenya',
  'BASIC',
  TRUE,
  NOW(),
  NOW()
);

-- ----------------------------------------------------------------------------
-- USERS
-- Passwords (bcrypt, 10 rounds):
--   admin        → admin123
--   headteacher  → headteacher123
--   teacher1/2   → teacher123
--   accountant   → accountant123
-- ----------------------------------------------------------------------------
INSERT INTO users (id, school_id, full_name, email, password_hash, role, is_active, created_at, updated_at)
VALUES
  (
    '22222222-2222-2222-2222-222222222201',
    '11111111-1111-1111-1111-111111111111',
    'James Kariuki',
    'admin@elimuheights.school',
    '$2b$10$nvo1ita7HpwZ1sXCAPLvFuUcDa1Dt.d/fs9cWKUmICQDOAgXC1Lpa',
    'ADMIN',
    TRUE,
    NOW(),
    NOW()
  ),
  (
    '22222222-2222-2222-2222-222222222202',
    '11111111-1111-1111-1111-111111111111',
    'Grace Wambui',
    'headteacher@elimuheights.school',
    '$2b$10$FFoBdMa1qA5o7seEOke5B.IsvTlj9/Wl12WhFjC5nqr0TJEq9UUMG',
    'HEADTEACHER',
    TRUE,
    NOW(),
    NOW()
  ),
  (
    '22222222-2222-2222-2222-222222222203',
    '11111111-1111-1111-1111-111111111111',
    'Peter Otieno',
    'teacher1@elimuheights.school',
    '$2b$10$K.QQB2.blCEbXmaIkrVuKePa5mlbEgmgPSIwwtbkDg727eGweXY7K',
    'TEACHER',
    TRUE,
    NOW(),
    NOW()
  ),
  (
    '22222222-2222-2222-2222-222222222204',
    '11111111-1111-1111-1111-111111111111',
    'Sarah Chebet',
    'teacher2@elimuheights.school',
    '$2b$10$K.QQB2.blCEbXmaIkrVuKePa5mlbEgmgPSIwwtbkDg727eGweXY7K',
    'TEACHER',
    TRUE,
    NOW(),
    NOW()
  ),
  (
    '22222222-2222-2222-2222-222222222205',
    '11111111-1111-1111-1111-111111111111',
    'David Mwangi',
    'accountant@elimuheights.school',
    '$2b$10$M717YrwbKD1D3APwCal7p.NhnqvB3qmyblEqrfsafx0hwyCPQ3yNe',
    'ACCOUNTANT',
    TRUE,
    NOW(),
    NOW()
  );

-- ----------------------------------------------------------------------------
-- TEACHERS  (links user accounts to teacher records)
-- ----------------------------------------------------------------------------
INSERT INTO teachers (id, user_id)
VALUES
  ('33333333-3333-3333-3333-333333333301', '22222222-2222-2222-2222-222222222203'),
  ('33333333-3333-3333-3333-333333333302', '22222222-2222-2222-2222-222222222204');

-- ----------------------------------------------------------------------------
-- CLASSES
-- ----------------------------------------------------------------------------
INSERT INTO classes (id, school_id, name, level, stream, academic_year, class_teacher_id, created_at, updated_at)
VALUES
  (
    '44444444-4444-4444-4444-444444444401',
    '11111111-1111-1111-1111-111111111111',
    'Form 1', 'Secondary', 'East', '2026',
    '22222222-2222-2222-2222-222222222203',
    NOW(), NOW()
  ),
  (
    '44444444-4444-4444-4444-444444444402',
    '11111111-1111-1111-1111-111111111111',
    'Form 2', 'Secondary', 'East', '2026',
    '22222222-2222-2222-2222-222222222204',
    NOW(), NOW()
  ),
  (
    '44444444-4444-4444-4444-444444444403',
    '11111111-1111-1111-1111-111111111111',
    'Form 3', 'Secondary', 'West', '2026',
    NULL,
    NOW(), NOW()
  );

-- ----------------------------------------------------------------------------
-- SUBJECTS
-- ----------------------------------------------------------------------------
INSERT INTO subjects (id, school_id, name, code, description, created_at, updated_at)
VALUES
  ('55555555-5555-5555-5555-555555555501', '11111111-1111-1111-1111-111111111111', 'Mathematics', 'MATH', 'Mathematics and numeracy', NOW(), NOW()),
  ('55555555-5555-5555-5555-555555555502', '11111111-1111-1111-1111-111111111111', 'English', 'ENG', 'English language and literature', NOW(), NOW()),
  ('55555555-5555-5555-5555-555555555503', '11111111-1111-1111-1111-111111111111', 'Science', 'SCI', 'General science', NOW(), NOW()),
  ('55555555-5555-5555-5555-555555555504', '11111111-1111-1111-1111-111111111111', 'History', 'HIST', 'History and government', NOW(), NOW());

-- ----------------------------------------------------------------------------
-- CLASS_SUBJECTS
-- ----------------------------------------------------------------------------
INSERT INTO class_subjects (id, class_id, subject_id, teacher_id, created_at)
VALUES
  ('66666666-6666-6666-6666-666666666601', '44444444-4444-4444-4444-444444444401', '55555555-5555-5555-5555-555555555501', '22222222-2222-2222-2222-222222222203', NOW()),
  ('66666666-6666-6666-6666-666666666602', '44444444-4444-4444-4444-444444444401', '55555555-5555-5555-5555-555555555502', '22222222-2222-2222-2222-222222222203', NOW()),
  ('66666666-6666-6666-6666-666666666603', '44444444-4444-4444-4444-444444444402', '55555555-5555-5555-5555-555555555501', '22222222-2222-2222-2222-222222222204', NOW()),
  ('66666666-6666-6666-6666-666666666604', '44444444-4444-4444-4444-444444444402', '55555555-5555-5555-5555-555555555503', '22222222-2222-2222-2222-222222222204', NOW());

-- ----------------------------------------------------------------------------
-- STUDENTS
-- ----------------------------------------------------------------------------
INSERT INTO students (id, school_id, class_id, admission_number, full_name, gender, date_of_birth, guardian_name, guardian_phone, is_active, created_at, updated_at)
VALUES
  (
    '77777777-7777-7777-7777-777777777701',
    '11111111-1111-1111-1111-111111111111',
    '44444444-4444-4444-4444-444444444401',
    'ADM-001', 'Alice Akinyi', 'Female', '2008-03-15',
    'Mary Akinyi', '+254 701 111 111',
    TRUE, NOW(), NOW()
  ),
  (
    '77777777-7777-7777-7777-777777777702',
    '11111111-1111-1111-1111-111111111111',
    '44444444-4444-4444-4444-444444444401',
    'ADM-002', 'Brian Kiprop', 'Male', '2008-06-22',
    'John Kiprop', '+254 701 111 112',
    TRUE, NOW(), NOW()
  ),
  (
    '77777777-7777-7777-7777-777777777703',
    '11111111-1111-1111-1111-111111111111',
    '44444444-4444-4444-4444-444444444402',
    'ADM-003', 'Cynthia Muthoni', 'Female', '2007-09-10',
    'Paul Muthoni', '+254 701 111 113',
    TRUE, NOW(), NOW()
  ),
  (
    '77777777-7777-7777-7777-777777777704',
    '11111111-1111-1111-1111-111111111111',
    '44444444-4444-4444-4444-444444444402',
    'ADM-004', 'Daniel Kamau', 'Male', '2007-01-05',
    'Jane Kamau', '+254 701 111 114',
    TRUE, NOW(), NOW()
  ),
  (
    '77777777-7777-7777-7777-777777777705',
    '11111111-1111-1111-1111-111111111111',
    '44444444-4444-4444-4444-444444444403',
    'ADM-005', 'Esther Wanjiku', 'Female', '2006-11-20',
    'Peter Wanjiku', '+254 701 111 115',
    TRUE, NOW(), NOW()
  ),
  (
    '77777777-7777-7777-7777-777777777706',
    '11111111-1111-1111-1111-111111111111',
    '44444444-4444-4444-4444-444444444403',
    'ADM-006', 'Felix Omondi', 'Male', '2006-04-12',
    'Ann Omondi', '+254 701 111 116',
    TRUE, NOW(), NOW()
  );

-- ----------------------------------------------------------------------------
-- ASSESSMENTS
-- ----------------------------------------------------------------------------
INSERT INTO assessments (id, school_id, class_id, student_id, subject_id, created_by, term, exam_type, score, total_marks, grade, remarks, created_at)
VALUES
  (
    '88888888-8888-8888-8888-888888888801',
    '11111111-1111-1111-1111-111111111111',
    '44444444-4444-4444-4444-444444444401',
    '77777777-7777-7777-7777-777777777701',
    '55555555-5555-5555-5555-555555555501',
    '22222222-2222-2222-2222-222222222203',
    'Term 1', 'EXAM', 78.00, 100.00, 'B+',
    'Good performance in algebra and geometry. Needs to work on statistics.',
    NOW()
  ),
  (
    '88888888-8888-8888-8888-888888888802',
    '11111111-1111-1111-1111-111111111111',
    '44444444-4444-4444-4444-444444444401',
    '77777777-7777-7777-7777-777777777701',
    '55555555-5555-5555-5555-555555555502',
    '22222222-2222-2222-2222-222222222203',
    'Term 1', 'EXAM', 65.00, 100.00, 'B',
    'Strong in reading comprehension. Needs improvement in essay writing.',
    NOW()
  ),
  (
    '88888888-8888-8888-8888-888888888803',
    '11111111-1111-1111-1111-111111111111',
    '44444444-4444-4444-4444-444444444401',
    '77777777-7777-7777-7777-777777777702',
    '55555555-5555-5555-5555-555555555501',
    '22222222-2222-2222-2222-222222222203',
    'Term 1', 'EXAM', 45.00, 100.00, 'D+',
    'Struggling with core mathematical concepts. Recommended for remedial classes.',
    NOW()
  ),
  (
    '88888888-8888-8888-8888-888888888804',
    '11111111-1111-1111-1111-111111111111',
    '44444444-4444-4444-4444-444444444402',
    '77777777-7777-7777-7777-777777777703',
    '55555555-5555-5555-5555-555555555501',
    '22222222-2222-2222-2222-222222222204',
    'Term 1', 'CAT', 32.00, 50.00, 'B',
    'Consistent improvement in problem-solving abilities.',
    NOW()
  ),
  (
    '88888888-8888-8888-8888-888888888805',
    '11111111-1111-1111-1111-111111111111',
    '44444444-4444-4444-4444-444444444402',
    '77777777-7777-7777-7777-777777777704',
    '55555555-5555-5555-5555-555555555503',
    '22222222-2222-2222-2222-222222222204',
    'Term 1', 'EXAM', 72.00, 100.00, 'B+',
    'Excellent understanding of scientific method and experimental design.',
    NOW()
  );

COMMIT;
